[{
  "_id": {
    "$oid": "62b055d6d82053a907904e35"
  },
  "nom": "depart 1",
  "email": "depart1@gmail.com",
  "motDePasse": "$2b$10$Ia.MUZg745z9r8lcCnXQUeUoKBLeXsNNmOwG5eCb4SmAe8hYLEche",
  "uniteRecherche": {
    "$oid": "62b054d3d82053a907904e25"
  }
},{
  "_id": {
    "$oid": "62b0563dd82053a907904e36"
  },
  "motDePasse": "$2b$10$Ia.MUZg745z9r8lcCnXQUeUoKBLeXsNNmOwG5eCb4SmAe8hYLEche",
  "uniteRecherche": {
    "$oid": "62b054d3d82053a907904e25"
  },
  "nom": "depart 2",
  "email": "depart2@gmail.com"
}]