[{
  "_id": {
    "$oid": "62b05f08387681d8b59fdf47"
  },
  "juges": [],
  "matricule": "19F690",
  "nom": "alpha",
  "prenom": "prenom",
  "motDePasse": "$2b$10$Ia.MUZg745z9r8lcCnXQUeUoKBLeXsNNmOwG5eCb4SmAe8hYLEche",
  "niveau": "MASTER 2",
  "email": "juletato@gmail.com",
  "dateNaissance": "2022-06-24",
  "lieuNaissance": "koto",
  "numTelephone": "690460371",
  "sexe": "Mâle",
  "departement": {
    "$oid": "62b0563dd82053a907904e36"
  },
  "encadreur": {
    "$oid": "62b0590dd82053a907904e3f"
  },
  "creeLe": {
    "$date": {
      "$numberLong": "1655725832803"
    }
  },
  "misAJourLe": {
    "$date": {
      "$numberLong": "1655725832803"
    }
  },
  "__v": 0,
  "dateSoutenance": ""
},{
  "_id": {
    "$oid": "62b40b5675da614d9a2fd42a"
  },
  "juges": [],
  "matricule": "19M2425",
  "nom": "Mopise",
  "prenom": "xxxxxxxxxxxx",
  "motDePasse": "$2b$10$Ia.MUZg745z9r8lcCnXQUeUoKBLeXsNNmOwG5eCb4SmAe8hYLEche",
  "niveau": "MASTER 2",
  "email": "juletato@gmail.com",
  "dateNaissance": "2022-06-25",
  "lieuNaissance": "Banka",
  "numTelephone": "690460371",
  "sexe": "Mâle",
  "departement": {
    "$oid": "62b0563dd82053a907904e36"
  },
  "encadreur": {
    "$oid": "62b0590dd82053a907904e3f"
  },
  "creeLe": {
    "$date": {
      "$numberLong": "1655966550118"
    }
  },
  "misAJourLe": {
    "$date": {
      "$numberLong": "1655966550118"
    }
  },
  "__v": 0,
  "dateSoutenance": ""
}]