[{
  "_id": {
    "$oid": "62b05f08387681d8b59fdf49"
  },
  "type": "Nouveau étudiant",
  "destinataireModel": "Admin",
  "objetConcerne": {
    "$oid": "62b05f08387681d8b59fdf47"
  },
  "objetConcerneModel": "Etudiant",
  "creeLe": {
    "$date": {
      "$numberLong": "1655725832936"
    }
  },
  "__v": 0
},{
  "_id": {
    "$oid": "62b40b5675da614d9a2fd42c"
  },
  "type": "Nouveau étudiant",
  "destinataireModel": "Admin",
  "objetConcerne": {
    "$oid": "62b40b5675da614d9a2fd42a"
  },
  "objetConcerneModel": "Etudiant",
  "creeLe": {
    "$date": {
      "$numberLong": "1655966550216"
    }
  },
  "__v": 0
}]